id,recipeGroup,itemId,name,workstation,page,fuel,time,outputAmount,ingredient1,ingredient2,ingredient3,ingredient4,ingredient5
0,Food,1295,White Vinegar,1380,Starter,1,10,5,"10x 166 ""white wine""",,,,
0,Food,1298,Kitchen Yeast,673,Starter,20,120,10,"1x -36 ""Malt from Barley or Wheat""","1x 1303 ""Bucket with Water""",,,
0,Food,20,itemAleYeast,673,Starter,20,120,5,"3x 20 ""itemAleYeast""","1x -36 ""Malt from Barley or Wheat""","1x 1303 ""Bucket with Water""",,
0,Food,74,itemLagerYeast,673,Starter,20,120,5,"3x 74 ""itemLagerYeast""","1x -36 ""Malt from Barley or Wheat""","1x 1303 ""Bucket with Water""",,
0,None,1299,Empty Jar,1380,Starter,0,10,5,"5x 1378 ""Pickles in Vinegar""",,,,